id,cityid,provinceid,lon,lat
X1001A,北京,北京,116.366,39.8673
X1002A,北京,北京,116.17,40.2865
X1003A,北京,北京,116.434,39.9522
X1004A,北京,北京,116.434,39.8745
X1005A,北京,北京,116.473,39.9716
X1006A,北京,北京,116.361,39.9425
X1007A,北京,北京,116.315,39.9934
X1008A,北京,北京,116.72,40.1438
X1009A,北京,北京,116.644,40.3937
X1010A,北京,北京,116.23,40.1952
X1011A,北京,北京,116.407,40.0031
X1012A,北京,北京,116.225,39.9279
X1013A,天津,天津,117.151,39.097
X1014A,天津,天津,117.193,39.173
X1015A,天津,天津,117.145,39.1654
X1016A,天津,天津,117.184,39.1205
X1017A,天津,天津,117.237,39.1082
X1018A,天津,天津,117.202,39.0927
X1019A,天津,天津,117.1837,39.2133
X1020A,天津,天津,117.269,39.1337
X1021A,天津,天津,117.307,39.0877
X1023A,天津,天津,117.707,39.0343
X1024A,天津,天津,117.457,38.8394
X1025A,天津,天津,117.401,39.124
X1026A,天津,天津,117.764,39.1587
X1027A,天津,天津,117.157,38.9194
X1028A,石家庄,河北,,
X1029A,石家庄,河北,114.4548,38.0513
X1030A,石家庄,河北,114.6046,38.0398
X1031A,石家庄,河北,114.5019,38.1398
X1032A,石家庄,河北,114.4586111,38.00583333
X1033A,石家庄,河北,114.5330556,38.01777778
X1034A,石家庄,河北,114.5214,38.0524
X1035A,石家庄,河北,114.3541,37.9097
X1036A,唐山,河北,118.1662,39.6308
X1037A,唐山,河北,118.144,39.643
X1038A,唐山,河北,118.1853,39.6407
X1039A,唐山,河北,118.2185,39.6679
X1040A,唐山,河北,118.1838,39.65782
X1041A,唐山,河北,118.1997,39.6295
X1042A,秦皇岛,河北,119.5259,39.8283
X1043A,秦皇岛,河北,119.7624,40.0181
X1044A,秦皇岛,河北,119.6023,39.9567
X1045A,秦皇岛,河北,119.607,39.9358
X1046A,秦皇岛,河北,119.5369,39.9419
X1047A,邯郸,河北,114.5129,36.61763
X1048A,邯郸,河北,114.5426,36.6164
X1049A,邯郸,河北,114.5035,36.5776
X1050A,邯郸,河北,114.4965,36.61981
X1051A,保定,河北,115.493,38.8632
X1052A,保定,河北,115.5223,38.8957
X1053A,保定,河北,115.4713,38.9108
X1054A,保定,河北,115.4612,38.8416
X1055A,保定,河北,115.442,38.8756
X1056A,保定,河北,115.5214,38.8707
X1057A,张家口,河北,114.8985,40.8367
X1058A,张家口,河北,114.892,40.79481
X1059A,张家口,河北,114.8814,40.8115
X1060A,张家口,河北,114.9032,40.7688
X1061A,张家口,河北,114.904,40.8725
X1062A,承德,河北,117.9664,40.9161
X1063A,承德,河北,117.9525,40.9843
X1064A,承德,河北,117.963,40.9359
X1065A,承德,河北,117.8184,40.9733
X1066A,承德,河北,117.9384,41.0112
X1067A,廊坊,河北,116.6838,39.5178
X1068A,廊坊,河北,116.7729,39.5747
X1069A,廊坊,河北,116.715,39.5571
X1070A,廊坊,河北,116.7464,39.5343
X1071A,沧州,河北,116.8854,38.2991
X1072A,沧州,河北,116.8584,38.3254
X1073A,沧州,河北,116.8709,38.3228
X1074A,衡水,河北,115.6951,37.7575
X1075A,衡水,河北,115.6426,37.7379
X1076A,衡水,河北,115.6906,37.739
X1077A,邢台,河北,114.4821,37.0967
X1078A,邢台,河北,114.5261,37.0533
X1079A,邢台,河北,114.5331,37.0964
X1080A,邢台,河北,114.4854,37.062
X1081A,太原,山西,112.522,37.8873
X1082A,太原,山西,112.573,37.9103
X1083A,太原,山西,112.434,38.0108
X1084A,太原,山西,112.469,37.7124
X1085A,太原,山西,112.5583,37.7394
X1086A,太原,山西,112.5369,37.8692
X1087A,太原,山西,112.57,37.8195
X1088A,太原,山西,112.549,37.9854
X1089A,太原,山西,112.488,37.7805
X1090A,呼和浩特,内蒙古,111.651,40.7579
X1091A,呼和浩特,内蒙古,111.658,40.8033
X1092A,呼和浩特,内蒙古,111.659,40.8452
X1093A,呼和浩特,内蒙古,111.608,40.8144
X1094A,呼和浩特,内蒙古,111.751,40.8369
X1095A,呼和浩特,内蒙古,111.7277,40.8062
X1096A,呼和浩特,内蒙古,111.551,40.7866
X1097A,呼和浩特,内蒙古,111.717,40.7612
X1098A,沈阳,辽宁,123.6836,41.9339
X1099A,沈阳,辽宁,123.535,41.7561
X1100A,沈阳,辽宁,123.439,41.7089
X1101A,沈阳,辽宁,123.284,41.7694
X1102A,沈阳,辽宁,123.542,41.8336
X1103A,沈阳,辽宁,123.428,41.8472
X1104A,沈阳,辽宁,123.41,41.765
X1105A,沈阳,辽宁,123.478,41.7775
X1106A,沈阳,辽宁,123.3997,41.7972
X1107A,沈阳,辽宁,123.3606,41.7806
X1108A,沈阳,辽宁,123.3783,41.9228
X1109A,大连,辽宁,121.61194444,38.973888889
X1110A,大连,辽宁,121.565,38.951111111
X1111A,大连,辽宁,121.56388889,38.885
X1112A,大连,辽宁,121.63305556,38.911944444
X1113A,大连,辽宁,121.625,38.863888889
X1114A,大连,辽宁,121.51805556,38.856111111
X1115A,大连,辽宁,121.25888889,38.808055556
X1116A,大连,辽宁,121.7481,39.1311
X1117A,大连,辽宁,121.7769,39.0511
X1118A,大连,辽宁,121.9769,39.0631
X1119A,长春,吉林,125.323,43.9167
X1120A,长春,吉林,125.287,43.91
X1121A,长春,吉林,125.2786,43.84
X1122A,长春,吉林,125.3649,43.8748
X1123A,长春,吉林,125.325,43.8694
X1124A,长春,吉林,125.454,43.7878
X1125A,长春,吉林,125.633,43.55
X1126A,长春,吉林,125.417,43.8667
X1127A,长春,吉林,125.25,43.8167
X1128A,长春,吉林,125.217,43.85
X1129A,哈尔滨,黑龙江,126.542,45.755
X1130A,哈尔滨,黑龙江,126.561,45.8167
X1131A,哈尔滨,黑龙江,126.979,45.5422
X1132A,哈尔滨,黑龙江,126.599,45.7222
X1133A,哈尔滨,黑龙江,126.689,45.7733
X1134A,哈尔滨,黑龙江,126.635,45.7667
X1135A,哈尔滨,黑龙江,126.685,45.7319
X1136A,哈尔滨,黑龙江,126.646,45.7258
X1137A,哈尔滨,黑龙江,126.593,45.7478
X1138A,哈尔滨,黑龙江,126.615,45.61
X1139A,哈尔滨,黑龙江,126.6106,45.9819
X1140A,哈尔滨,黑龙江,126.6206,45.6842
X1141A,上海,上海,121.4,31.238
X1142A,上海,上海,121.478,31.2036
X1143A,上海,上海,121.467,31.3008
X1144A,上海,上海,121.412,31.1654
X1145A,上海,上海,121.536,31.2659
X1146A,上海,上海,120.978,31.0935
X1147A,上海,上海,121.425,31.2261
X1148A,上海,上海,121.703,31.1907
X1149A,上海,上海,121.533,31.2284
X1150A,上海,上海,121.577,31.2071
X1151A,南京,江苏,118.803,32.1083
X1152A,南京,江苏,118.749,32.0572
X1153A,南京,江苏,118.778,32.0723
X1154A,南京,江苏,118.777,32.0144
X1155A,南京,江苏,118.803,32.0314
X1156A,南京,江苏,118.795,32.0775
X1157A,南京,江苏,118.626,32.0878
X1158A,南京,江苏,118.737,32.0092
X1159A,南京,江苏,118.907,32.105
X1160A,苏州,江苏,120.561,31.2472
X1161A,苏州,江苏,120.628,31.2864
X1162A,苏州,江苏,120.591,31.3019
X1163A,苏州,江苏,120.596,31.3264
X1164A,苏州,江苏,120.613,31.2703
X1165A,苏州,江苏,120.543,31.2994
X1166A,苏州,江苏,120.669,31.3097
X1167A,苏州,江苏,120.641,31.3708
X1168A,南通,江苏,120.913,31.96
X1169A,南通,江苏,120.86,32.0005
X1170A,南通,江苏,120.87,32.02
X1171A,南通,江苏,120.94,31.93
X1172A,南通,江苏,120.81,32.0417
X1173A,连云港,江苏,119.176,34.5885
X1174A,连云港,江苏,119.141,34.5896
X1175A,连云港,江苏,119.368,34.7507
X1176A,连云港,江苏,119.348,34.6984
X1177A,徐州,江苏,117.167,34.2761
X1178A,徐州,江苏,117.192,34.2417
X1179A,徐州,江苏,117.192,34.3083
X1180A,徐州,江苏,117.256,34.2153
X1181A,徐州,江苏,117.244,34.2911
X1182A,徐州,江苏,117.2933,34.2778
X1183A,徐州,江苏,117.166,34.1806
X1184A,扬州,江苏,119.46,32.3878
X1185A,扬州,江苏,119.404,32.41
X1186A,扬州,江苏,119.389,32.3761
X1187A,扬州,江苏,119.439,32.4033
X1188A,无锡,江苏,120.269,31.4867
X1189A,无锡,江苏,120.275,31.6219
X1190A,无锡,江苏,120.294,31.56
X1191A,无锡,江苏,120.242,31.5031
X1192A,无锡,江苏,120.354,31.5848
X1193A,无锡,江苏,120.354,31.5475
X1194A,无锡,江苏,120.245,31.5631
X1195A,无锡,江苏,120.288,31.6842
X1196A,常州,江苏,119.996,31.7586
X1197A,常州,江苏,119.933,31.7786
X1198A,常州,江苏,119.962,31.8089
X1199A,常州,江苏,120.0393,31.7638
X1200A,常州,江苏,119.935,31.7039
X1201A,常州,江苏,119.905,31.9108
X1202A,镇江,江苏,,
X1203A,镇江,江苏,119.68,32.1883
X1204A,镇江,江苏,119.491,32.215
X1205A,镇江,江苏,119.43,32.1319
X1206A,泰州,江苏,119.9,32.4867
X1207A,泰州,江苏,119.9219,32.4611
X1208A,泰州,江苏,119.882,32.303
X1209A,泰州,江苏,119.888,32.4639
X1210A,淮安,江苏,119.036,33.5981
X1211A,淮安,江苏,119.007,33.575
X1212A,淮安,江苏,118.989,33.6067
X1213A,淮安,江苏,119.135,33.5039
X1214A,淮安,江苏,119.0122,33.627
X1215A,盐城,江苏,120.118,33.4022
X1216A,盐城,江苏,120.156,33.3942
X1217A,盐城,江苏,120.129,33.3719
X1218A,盐城,江苏,120.225,33.3947
X1219A,宿迁,江苏,118.2658,33.96
X1220A,宿迁,江苏,118.293,33.9528
X1221A,宿迁,江苏,118.2442,33.9592
X1222A,宿迁,江苏,118.3214,33.9506
X1223A,杭州,浙江,120.211,30.21
X1224A,杭州,浙江,120.063,30.2747
X1225A,杭州,浙江,119.026,29.635
X1226A,杭州,浙江,120.348,30.3058
X1227A,杭州,浙江,120.127,30.2456
X1228A,杭州,浙江,120.19,30.2692
X1229A,杭州,浙江,120.157,30.2897
X1230A,杭州,浙江,120.12,30.3119
X1231A,杭州,浙江,120.301,30.4183
X1232A,杭州,浙江,120.27,30.1819
X1233A,杭州,浙江,120.088,30.1808
X1234A,宁波,浙江,121.836,29.9108
X1235A,宁波,浙江,121.56,29.8208
X1236A,宁波,浙江,121.713,29.9572
X1237A,宁波,浙江,121.554,29.8906
X1238A,宁波,浙江,,
X1239A,宁波,浙江,121.633,29.7736
X1240A,宁波,浙江,121.586,29.8633
X1241A,宁波,浙江,121.524,29.8506
X1242A,温州,浙江,120.634,28.0089
X1243A,温州,浙江,120.677,27.9939
X1244A,温州,浙江,120.76,27.9747
X1245A,温州,浙江,120.671,28.0167
X1246A,绍兴,浙江,120.598,30.0911
X1247A,绍兴,浙江,120.605,29.9919
X1248A,绍兴,浙江,120.576,30.007
X1249A,湖州,浙江,120.1,30.8867
X1250A,湖州,浙江,120.07,30.8244
X1251A,湖州,浙江,120.093,30.8617
X1252A,嘉兴,浙江,120.744,30.7946
X1253A,嘉兴,浙江,120.726,30.7478
X1254A,嘉兴,浙江,,
X1255A,台州,浙江,121.273,28.6459
X1256A,台州,浙江,121.419,28.6542
X1257A,台州,浙江,121.377,28.5773
X1258A,舟山,浙江,122.122,30.0203
X1259A,舟山,浙江,122.3094,29.9558
X1260A,舟山,浙江,122.19,29.9944
X1261A,金华,浙江,119.649,29.1131
X1262A,金华,浙江,119.647,29.077
X1263A,金华,浙江,119.686,29.1029
X1264A,衢州,浙江,118.871,28.9404
X1265A,衢州,浙江,118.871,28.9664
X1266A,衢州,浙江,118.855,28.9745
X1267A,丽水,浙江,119.914,28.4514
X1268A,丽水,浙江,119.93,28.4586
X1269A,丽水,浙江,119.879,28.4231
X1270A,合肥,安徽,117.196,31.7848
X1271A,合肥,安徽,117.307,31.8766
X1272A,合肥,安徽,117.259,31.8706
X1273A,合肥,安徽,117.16,31.9051
X1274A,合肥,安徽,117.25,31.8572
X1275A,合肥,安徽,117.266,31.9438
X1276A,合肥,安徽,117.336,31.8585
X1277A,合肥,安徽,117.302,31.7956
X1278A,合肥,安徽,117.278,31.7386
X1279A,合肥,安徽,117.124,31.8516
X1280A,福州,福建,119.389,26.0542
X1281A,福州,福建,119.414,26.0258
X1282A,福州,福建,119.303,26.0392
X1283A,福州,福建,119.299,26.1092
X1284A,福州,福建,119.268,26.0797
X1285A,福州,福建,119.315,26.0753
X1286A,厦门,福建,118.15694444,24.818055556
X1287A,厦门,福建,118.15138889,24.476666667
X1288A,厦门,福建,118.06361111,24.445833333
X1290A,南昌,江西,115.893,28.6844
X1291A,南昌,江西,115.8886,28.6839
X1292A,南昌,江西,115.813,28.7442
X1293A,南昌,江西,115.973,28.6969
X1294A,南昌,江西,115.852,28.6869
X1295A,南昌,江西,115.892,28.6425
X1296A,南昌,江西,115.742,28.7994
X1297A,南昌,江西,115.912,28.6131
X1298A,南昌,江西,115.931,28.6844
X1299A,济南,山东,116.988,36.6114
X1300A,济南,山东,116.93,36.67
X1301A,济南,山东,117.114,36.6739
X1302A,济南,山东,116.989,36.6872
X1303A,济南,山东,117.0684,36.6868
X1304A,济南,山东,116.943,36.6489
X1305A,济南,山东,117.049,36.6622
X1306A,济南,山东,116.734,36.5336
X1307A,青岛,山东,120.6659,36.2403
X1308A,青岛,山东,120.3905,36.1851
X1309A,青岛,山东,120.3471,36.0699
X1310A,青岛,山东,120.4134,36.0654
X1311A,青岛,山东,120.3664,36.1032
X1312A,青岛,山东,120.2992,36.0543
X1313A,青岛,山东,120.4587,36.0851
X1314A,青岛,山东,120.1964,36.3083
X1315A,青岛,山东,120.4001,36.2403
X1316A,郑州,河南,113.681,34.7545
X1317A,郑州,河南,113.641,34.7745
X1318A,郑州,河南,113.675,34.8019
X1319A,郑州,河南,113.564,34.802
X1320A,郑州,河南,113.727,34.7187
X1321A,郑州,河南,113.734,34.719
X1322A,郑州,河南,113.5991,34.7496
X1323A,郑州,河南,113.6356,34.7538
X1324A,郑州,河南,113.6113,34.9162
X1325A,武汉,湖北,114.3672,30.5719
X1326A,武汉,湖北,114.2511,30.5514
X1327A,武汉,湖北,114.2836,30.6197
X1328A,武汉,湖北,114.3006,30.5494
X1329A,武汉,湖北,114.4272,30.6103
X1330A,武汉,湖北,114.1525,30.4753
X1331A,武汉,湖北,114.3008,30.5947
X1332A,武汉,湖北,114.3894,30.4822
X1333A,武汉,湖北,114.2131,30.6414
X1334A,武汉,湖北,113.8531,30.2997
X1335A,长沙,湖南,113.0833,28.2325
X1336A,长沙,湖南,112.8872,28.2189
X1337A,长沙,湖南,113.0792,28.2053
X1338A,长沙,湖南,112.9394,28.19
X1339A,长沙,湖南,112.9956,28.1442
X1340A,长沙,湖南,112.9792,28.2597
X1341A,长沙,湖南,113.0014,28.1944
X1342A,长沙,湖南,112.9844,28.1178
X1343A,长沙,湖南,112.8908,28.1308
X1344A,长沙,湖南,112.9958,28.3586
X1345A,广州,广东,113.235,23.1422
X1346A,广州,广东,113.261,23.105
X1347A,广州,广东,,
X1348A,广州,广东,113.348,23.0916
X1349A,广州,广东,113.433,23.105
X1350A,广州,广东,113.352,22.9477
X1351A,广州,广东,113.215,23.3917
X1352A,广州,广东,113.26,23.1331
X1353A,广州,广东,113.568,23.2783
X1354A,广州,广东,113.281,23.1569
X1355A,广州,广东,113.589,23.5538
X1356A,深圳,广东,114.1063,22.5545
X1357A,深圳,广东,114.117,22.5625
X1358A,深圳,广东,113.987,22.5417
X1359A,深圳,广东,113.9181,22.5171
X1360A,深圳,广东,114.263,22.5908
X1361A,深圳,广东,114.24,22.7267
X1362A,深圳,广东,113.891,22.5794
X1363A,深圳,广东,114.494,22.5422
X1364A,深圳,广东,114.41,22.6342
X1365A,深圳,广东,114.297,22.5978
X1366A,深圳,广东,114.085,22.75
X1367A,珠海,广东,113.574,22.2611
X1368A,珠海,广东,113.495,22.2294
X1369A,珠海,广东,113.628,22.4251
X1370A,珠海,广东,113.299,22.2281
X1371A,佛山,广东,113.134,23.0048
X1372A,佛山,广东,113.105,23.0395
X1373A,佛山,广东,113.144,23.0467
X1374A,佛山,广东,113.292,22.8054
X1375A,佛山,广东,113.257,22.7629
X1376A,佛山,广东,112.844,22.8693
X1377A,佛山,广东,112.885,23.1572
X1378A,佛山,广东,112.863,23.1886
X1379A,中山,广东,113.3769,22.5211
X1380A,中山,广东,113.3881,22.5497
X1381A,中山,广东,113.4075,22.5111
X1382A,中山,广东,113.4411,22.4853
X1383A,江门,广东,113.104,22.6069
X1384A,江门,广东,113.074,22.5811
X1385A,江门,广东,113.024,22.5328
X1386A,江门,广东,113.0819,22.5931
X1387A,东莞,广东,113.7819444,23.05361111
X1388A,东莞,广东,113.7461111,23.02777778
X1389A,东莞,广东,113.7480556,23.06
X1390A,东莞,广东,113.7944444,23.01277778
X1391A,东莞,广东,113.7383333,22.96583333
X1392A,惠州,广东,114.4183,23.0528
X1393A,惠州,广东,114.4053,23.08
X1394A,惠州,广东,114.4103,23.1142
X1395A,惠州,广东,114.3244,22.8172
X1396A,惠州,广东,114.5317,22.7422
X1397A,肇庆,广东,112.427,23.0706
X1398A,肇庆,广东,112.471,23.0528
X1399A,肇庆,广东,112.565,23.1617
X1400A,肇庆,广东,112.4722,23.0786
X1401A,南宁,广西,108.301,22.7875
X1402A,南宁,广西,108.316,22.8561
X1403A,南宁,广西,108.321,22.8225
X1404A,南宁,广西,108.383,22.805
X1405A,南宁,广西,108.439,22.7906
X1406A,南宁,广西,108.239,22.8464
X1407A,南宁,广西,108.328,22.735
X1408A,南宁,广西,108.244,22.7833
X1409A,海口,海南,110.576,19.9507
X1410A,海口,海南,110.3232,20.0574
X1411A,海口,海南,110.283,20.0053
X1412A,海口,海南,110.338,19.9969
X1413A,海口,海南,110.33,20.0356
X1414A,重庆,重庆,106.379,29.8272
X1415A,重庆,重庆,106.46,29.5736
X1416A,重庆,重庆,106.424,29.8264
X1417A,重庆,重庆,106.626,29.7228
X1418A,重庆,重庆,106.296,29.5983
X1419A,重庆,重庆,106.54,29.5186
X1420A,重庆,重庆,106.65,29.6219
X1421A,重庆,重庆,106.634,29.4892
X1422A,重庆,重庆,106.364,29.4822
X1423A,重庆,重庆,106.571,29.5642
X1424A,重庆,重庆,106.512,29.5164
X1425A,重庆,重庆,106.617,29.7125
X1426A,重庆,重庆,106.468,29.4892
X1427A,重庆,重庆,106.562,29.6453
X1428A,重庆,重庆,106.452,29.709
X1429A,重庆,重庆,106.513,29.389
X1430A,重庆,重庆,106.591,29.4272
X1431A,成都,四川,103.97275,30.72358333
X1432A,成都,四川,104.176,30.6872
X1433A,成都,四川,104.079,30.5706
X1434A,成都,四川,104.1113889,30.63
X1435A,成都,四川,104.074,30.685
X1436A,成都,四川,104.026,30.6544
X1437A,成都,四川,104.054,30.6578
X1438A,成都,四川,103.613,31.0283
X1439A,贵阳,贵州,106.6856,26.6029
X1440A,贵阳,贵州,106.6971,26.5689
X1441A,贵阳,贵州,106.6243,26.6266
X1442A,贵阳,贵州,106.7487,26.6343
X1443A,贵阳,贵州,106.6554,26.4364
X1444A,贵阳,贵州,106.6948,26.5155
X1445A,贵阳,贵州,106.7105,26.6009
X1446A,贵阳,贵州,106.7164,26.5697
X1447A,贵阳,贵州,106.6867,26.5495
X1449A,昆明,云南,102.743,25.0124
X1450A,昆明,云南,102.821,24.8885
X1451A,昆明,云南,102.625,24.9624
X1452A,昆明,云南,102.728,25.0836
X1453A,昆明,云南,102.722,25.0405
X1454A,昆明,云南,102.681,25.067
X1455A,昆明,云南,102.638,25.0359
X1456A,拉萨,西藏,91.1319,29.6514
X1457A,拉萨,西藏,91.1221,29.6747
X1458A,拉萨,西藏,91.0874,29.6475
X1459A,拉萨,西藏,91.1774,29.6541
X1460A,拉萨,西藏,90.9798,29.6588
X1461A,拉萨,西藏,91.0834,29.6292
X1462A,西安,陕西,108.882,34.2749
X1463A,西安,陕西,108.993,34.2629
X1464A,西安,陕西,109.06,34.2572
X1465A,西安,陕西,108.94,34.2324
X1466A,西安,陕西,108.954,34.2713
X1467A,西安,陕西,108.883,34.2303
X1468A,西安,陕西,108.935,34.3474
X1469A,西安,陕西,108.906,34.1546
X1470A,西安,陕西,109.2,34.6575
X1471A,西安,陕西,109.2186,34.3731
X1472A,西安,陕西,108.869,34.378
X1473A,西安,陕西,108.985,34.1978
X1474A,西安,陕西,109.043,34.3274
X1475A,兰州,甘肃,103.712,36.0756
X1476A,兰州,甘肃,103.631,36.1031
X1477A,兰州,甘肃,104.148,35.94
X1478A,兰州,甘肃,103.841,36.0725
X1479A,兰州,甘肃,103.831,36.0464
X1480A,西宁,青海,101.748,36.6428
X1481A,西宁,青海,101.749,36.6922
X1482A,西宁,青海,101.834,36.5819
X1483A,西宁,青海,101.524,36.6867
X1484A,银川,宁夏,105.9512,38.6016
X1485A,银川,宁夏,106.2682,38.4744
X1486A,银川,宁夏,106.217,38.4536
X1487A,银川,宁夏,106.0715,38.4858
X1488A,银川,宁夏,106.2328,38.4975
X1489A,银川,宁夏,106.1358,38.5036
X1490A,乌鲁木齐,新疆,87.5801,43.8303
X1491A,乌鲁木齐,新疆,87.6046,43.768
X1492A,乌鲁木齐,新疆,87.4754,43.9469
X1493A,乌鲁木齐,新疆,87.5525,43.8711
X1494A,乌鲁木齐,新疆,87.6432,43.831
X1495A,乌鲁木齐,新疆,87.4171,43.8729
X1496A,乌鲁木齐,新疆,87.6444,43.962
X1508A,湘潭,湖南,112.9433,27.8614
X1511A,湘潭,湖南,112.9118,27.8403
X1512A,湘潭,湖南,112.8937,27.8728
X1513A,湘潭,湖南,112.9227,27.8159
X1514A,湘潭,湖南,112.9074,27.9119
X1515A,株洲,湖南,113.135,27.8244
X1518A,株洲,湖南,113.095,27.8867
X1519A,株洲,湖南,113.167,27.8667
X1520A,株洲,湖南,113.143,27.8381
X1524A,株洲,湖南,113.13,27.8528
X1552A,贵阳,贵州,106.805,26.3003
X1559A,株洲,湖南,113.251,27.8336
X1562A,湘潭,湖南,113.0048,27.9153
X1564A,湘潭,湖南,112.4876,27.9164
X1585A,包头,内蒙古,109.8756,40.6532
X1586A,包头,内蒙古,109.8104,40.6575
X1587A,包头,内蒙古,110.0067,40.5905
X1588A,包头,内蒙古,109.8538,40.6821
X1589A,包头,内蒙古,109.8654,40.6288
X1590A,包头,内蒙古,110.0377,40.5546
X1591A,鄂尔多斯,内蒙古,110.0023,39.8129
X1592A,鄂尔多斯,内蒙古,109.9486,39.8261
X1593A,鄂尔多斯,内蒙古,109.7736,39.5986
X1594A,鄂尔多斯,内蒙古,109.8119,39.5989
X1595A,鄂尔多斯,内蒙古,109.9734,39.7884
X1596A,营口,辽宁,122.2414,40.6592
X1597A,营口,辽宁,122.2703,40.7094
X1598A,营口,辽宁,122.215,40.6511
X1599A,营口,辽宁,122.1658,40.6789
X1600A,丹东,辽宁,124.3303,40.0625
X1601A,丹东,辽宁,124.4256,40.1503
X1602A,丹东,辽宁,124.3933,40.1461
X1603A,丹东,辽宁,124.3678,40.1194
X1604A,盘锦,辽宁,122.0247,41.1556
X1605A,盘锦,辽宁,122.0539,41.0903
X1606A,盘锦,辽宁,121.835,41.1042
X1607A,葫芦岛,辽宁,120.9092,40.7136
X1608A,葫芦岛,辽宁,120.8392,40.7514
X1609A,葫芦岛,辽宁,120.8478,40.715
X1610A,葫芦岛,辽宁,120.8631,40.7736
X1611A,泉州,福建,118.5819,24.9117
X1612A,泉州,福建,118.5972,24.8978
X1613A,泉州,福建,118.6663,24.9424
X1614A,泉州,福建,118.6108,24.9617
X1615A,莱芜,山东,117.685,36.205
X1616A,莱芜,山东,117.6789,36.2289
X1617A,莱芜,山东,117.715,36.2081
X1618A,临沂,山东,118.3418,35.0573
X1619A,临沂,山东,118.2939,35.0622
X1620A,临沂,山东,118.2764,34.9817
X1621A,临沂,山东,118.4023,35.0896
X1622A,德州,山东,116.3061,37.4664
X1623A,德州,山东,116.2729,37.4504
X1624A,德州,山东,116.3189,37.4489
X1625A,聊城,山东,115.9848,36.4372
X1626A,聊城,山东,115.9968,36.4568
X1627A,聊城,山东,115.9835,36.4796
X1628A,滨州,山东,118.0062,37.3803
X1629A,滨州,山东,118.0018,37.3617
X1630A,滨州,山东,117.9776,37.393
X1631A,淄博,山东,118.0482,36.8088
X1632A,淄博,山东,118.0448,36.838
X1633A,淄博,山东,117.8477,36.497
X1634A,淄博,山东,117.9544,36.6377
X1635A,淄博,山东,118.3092,36.8198
X1636A,淄博,山东,117.8512,36.8041
X1637A,枣庄,山东,117.5564,34.864
X1638A,枣庄,山东,117.2852,34.7837
X1639A,枣庄,山东,117.5852,34.7745
X1640A,枣庄,山东,117.732,34.5667
X1641A,枣庄,山东,117.4518,35.0992
X1642A,烟台,山东,121.2514,37.5639
X1643A,烟台,山东,121.3719,37.5433
X1644A,烟台,山东,121.3181,37.5436
X1645A,烟台,山东,121.4478,37.4822
X1646A,烟台,山东,121.2611,37.4967
X1647A,烟台,山东,121.5953,37.3872
X1648A,潍坊,山东,119.12,36.7019
X1649A,潍坊,山东,119.0919,36.7306
X1650A,潍坊,山东,119.1425,36.7008
X1651A,潍坊,山东,119.1614,36.6572
X1652A,潍坊,山东,119.1939,36.7731
X1653A,济宁,山东,116.6305,35.428
X1654A,济宁,山东,116.5856,35.4144
X1655A,济宁,山东,116.5546,35.4039
X1656A,泰安,山东,117.1436,36.1942
X1657A,泰安,山东,117.0881,36.1942
X1658A,泰安,山东,117.1081,36.1758
X1659A,日照,山东,119.4641,35.4178
X1660A,日照,山东,119.5198,35.4234
X1661A,日照,山东,119.54,35.3962
X1662A,威海,山东,122.1206,37.4294
X1663A,威海,山东,122.0508,37.5325
X1664A,威海,山东,122.1067,37.5072
X1665A,东营,山东,118.5019,37.4658
X1666A,东营,山东,118.6672,37.4314
X1667A,东营,山东,118.5857,37.4442
X1668A,东营,山东,118.8192,37.3781
X1669A,韶关,广东,113.586606,24.769519
X1670A,韶关,广东,113.5593889,24.81119444
X1671A,韶关,广东,113.598061,24.795928
X1672A,韶关,广东,113.6734722,24.77908333
X1673A,韶关,广东,113.5970833,24.68636111
X1674A,汕头,广东,116.6794,23.3667
X1675A,汕头,广东,116.7244,23.3633
X1676A,汕头,广东,116.7258,23.2775
X1677A,汕头,广东,116.7519,23.4714
X1678A,汕头,广东,116.6092,23.2539
X1679A,汕头,广东,116.4019,23.2536
X1680A,湛江,广东,110.3539,21.2706
X1681A,湛江,广东,110.3928,21.2228
X1682A,湛江,广东,110.4019,21.1997
X1683A,湛江,广东,110.4111,21.2028
X1684A,湛江,广东,110.3316,21.2679
X1685A,湛江,广东,110.4558,21.2567
X1686A,茂名,广东,111.0286,21.4689
X1687A,茂名,广东,110.9294,21.6533
X1688A,茂名,广东,110.9067,21.6669
X1689A,茂名,广东,110.8592,21.6828
X1690A,梅州,广东,116.1278,24.3289
X1691A,梅州,广东,116.0797,24.2719
X1692A,梅州,广东,116.1248,24.2654
X1693A,汕尾,广东,115.3653,22.775
X1694A,汕尾,广东,115.3706,22.7898
X1695A,汕尾,广东,115.3622,22.7925
X1696A,河源,广东,114.6778,23.7569
X1697A,河源,广东,114.6944,23.7586
X1698A,河源,广东,114.6892,23.7233
X1699A,阳江,广东,111.9786,21.8586
X1700A,阳江,广东,111.9508,21.8536
X1701A,阳江,广东,111.9494,21.865
X1702A,清远,广东,113.0425,23.6936
X1703A,清远,广东,113.0208,23.7106
X1704A,清远,广东,113.0622,23.6272
X1705A,潮州,广东,116.6339,23.6714
X1706A,潮州,广东,116.6447,23.6706
X1707A,潮州,广东,116.6175,23.6531
X1708A,揭阳,广东,116.3697,23.5353
X1709A,揭阳,广东,116.3242,23.5486
X1710A,揭阳,广东,116.3594,23.5739
X1711A,揭阳,广东,116.4094,23.5292
X1712A,云浮,广东,112.0392,22.9169
X1713A,云浮,广东,112.0369,22.9394
X1714A,云浮,广东,112.0539,22.9539
X1715A,玉溪,云南,102.5778,24.3694
X1716A,玉溪,云南,102.5433,24.3603
X1717A,玉溪,云南,102.4964,24.3411
X1718A,菏泽,山东,115.42277,35.248889
X1719A,菏泽,山东,115.474722,35.2375
X1720A,菏泽,山东,115.455,35.27
X1721A,大同,山西,113.3819,40.1097
X1722A,大同,山西,113.2858,40.0958
X1723A,大同,山西,113.2994,40.0758
X1724A,大同,山西,113.3444,40.0917
X1725A,大同,山西,113.2661,40.1269
X1726A,大同,山西,113.2711,40.0844
X1727A,长治,山西,113.1097,36.1542
X1728A,长治,山西,113.0972,36.1939
X1729A,长治,山西,113.1466,36.1961
X1730A,长治,山西,113.0886,36.2126
X1731A,长治,山西,113.0844444,36.1855
X1732A,临汾,山西,111.5125,36.0978
X1733A,临汾,山西,111.5531,36.0783
X1734A,临汾,山西,111.5028,36.0714
X1735A,临汾,山西,111.5169,36.0822
X1736A,临汾,山西,111.5025,36.0875
X1737A,临汾,山西,111.4917,36.0417
X1738A,阳泉,山西,113.5753,37.8564
X1739A,阳泉,山西,113.4922,37.8792
X1740A,阳泉,山西,113.5922,37.8561
X1741A,阳泉,山西,113.6292,37.8531
X1742A,阳泉,山西,113.5689,37.8694
X1743A,阳泉,山西,113.5158,37.85
X1744A,赤峰,内蒙古,118.9233,42.2814
X1745A,赤峰,内蒙古,118.9572,42.2725
X1746A,赤峰,内蒙古,118.8789,42.2556
X1747A,赤峰,内蒙古,119.2719,42.0317
X1748A,鞍山,辽宁,123.044,41.1196
X1749A,鞍山,辽宁,123.011,41.0931
X1750A,鞍山,辽宁,123.0485,41.1442
X1751A,鞍山,辽宁,122.9642,41.0971
X1752A,鞍山,辽宁,122.9481,41.0833
X1753A,鞍山,辽宁,123.0156,41.0831
X1754A,鞍山,辽宁,123.1289,41.0228
X1755A,抚顺,辽宁,123.81,41.8469
X1756A,抚顺,辽宁,123.9169,41.8828
X1757A,抚顺,辽宁,124.0383,41.8625
X1758A,抚顺,辽宁,123.9,41.8594
X1759A,抚顺,辽宁,124.0878,41.8864
X1760A,抚顺,辽宁,123.7117,41.8417
X1761A,本溪,辽宁,123.8436,41.3283
X1762A,本溪,辽宁,123.7528,41.3369
X1763A,本溪,辽宁,123.7308,41.3047
X1764A,本溪,辽宁,123.7669,41.2864
X1765A,本溪,辽宁,123.7989,41.2692
X1766A,本溪,辽宁,123.8142,41.3472
X1767A,锦州,辽宁,121.0986,41.0781
X1768A,锦州,辽宁,121.045,40.8333
X1769A,锦州,辽宁,121.2008,41.1219
X1770A,锦州,辽宁,121.1178,41.1222
X1771A,锦州,辽宁,121.1303,41.1386
X1772A,吉林,吉林,126.555,43.8875
X1773A,吉林,吉林,126.5844,43.8358
X1774A,吉林,吉林,126.4978,43.8228
X1775A,吉林,吉林,126.5786,43.8947
X1776A,吉林,吉林,126.55,43.8256
X1777A,吉林,吉林,,
X1778A,吉林,吉林,126.6772,43.7256
X1779A,齐齐哈尔,黑龙江,123.9305,47.3636
X1780A,齐齐哈尔,黑龙江,123.9305,47.3386
X1781A,齐齐哈尔,黑龙江,123.9483,47.3227
X1782A,齐齐哈尔,黑龙江,123.6261,47.203
X1783A,齐齐哈尔,黑龙江,123.945,47.2988
X1784A,牡丹江,黑龙江,129.61,44.561
X1785A,牡丹江,黑龙江,129.6115,44.5782
X1786A,牡丹江,黑龙江,129.5902,44.5952
X1787A,牡丹江,黑龙江,129.6459,44.6104
X1788A,牡丹江,黑龙江,129.6386,44.5462
X1789A,大庆,黑龙江,124.8354,46.0347
X1790A,大庆,黑龙江,125.112,46.528
X1791A,大庆,黑龙江,124.8847,46.3991
X1792A,大庆,黑龙江,125.1386,46.5776
X1793A,大庆,黑龙江,124.8648,46.6219
X1794A,芜湖,安徽,118.3528,31.3508
X1795A,芜湖,安徽,118.37,31.4189
X1796A,芜湖,安徽,118.3708,31.3178
X1797A,芜湖,安徽,118.4022,31.3839
X1798A,马鞍山,安徽,118.5058,31.6861
X1799A,马鞍山,安徽,118.4828,31.6411
X1800A,马鞍山,安徽,118.5106,31.7506
X1801A,马鞍山,安徽,118.48,31.6928
X1802A,马鞍山,安徽,118.6439,31.7133
X1803A,九江,江西,115.9872,29.6816
X1804A,九江,江西,115.9581,29.7048
X1805A,九江,江西,115.988,29.7292
X1806A,九江,江西,116.0174,29.6535
X1807A,九江,江西,116.0628,29.6926
X1808A,九江,江西,115.9114,29.6039
X1809A,九江,江西,116.0726,29.7534
X1810A,九江,江西,115.9936,29.5867
X1811A,洛阳,河南,112.3628,34.6692
X1812A,洛阳,河南,112.3939,34.6511
X1813A,洛阳,河南,112.4333,34.67
X1814A,洛阳,河南,112.4664,34.6869
X1815A,洛阳,河南,112.4831,34.6869
X1816A,洛阳,河南,112.3844,34.6231
X1817A,洛阳,河南,112.4275,34.6258
X1818A,安阳,河南,114.483,36.061
X1819A,安阳,河南,114.32,36.086
X1820A,安阳,河南,114.358,36.087
X1821A,安阳,河南,114.3931,36.0883
X1822A,安阳,河南,114.286,36.11
X1823A,开封,河南,114.3406,34.8022
X1824A,开封,河南,114.3389,34.7781
X1825A,开封,河南,114.3733,34.7975
X1826A,开封,河南,114.2886,34.7967
X1827A,焦作,河南,113.261,35.235
X1828A,焦作,河南,113.227,35.213
X1829A,焦作,河南,113.2464,35.1764
X1830A,焦作,河南,113.1992,35.259
X1831A,平顶山,河南,113.3064,33.7214
X1832A,平顶山,河南,113.322,33.721
X1833A,平顶山,河南,113.292,33.739
X1834A,平顶山,河南,113.182,33.737
X1835A,三门峡,河南,111.1928,34.7772
X1836A,三门峡,河南,111.158,34.794
X1837A,三门峡,河南,111.1858,34.7917
X1838A,三门峡,河南,111.1489,34.7997
X1839A,宜昌,湖北,111.3009,30.7157
X1840A,宜昌,湖北,111.2992,30.698
X1841A,宜昌,湖北,111.3549,30.6463
X1842A,宜昌,湖北,111.268,30.696
X1843A,宜昌,湖北,111.3296,30.7819
X1844A,荆州,湖北,112.2551,30.3175
X1845A,荆州,湖北,112.2068,30.3515
X1846A,荆州,湖北,112.2887,30.3055
X1847A,岳阳,湖南,113.1094,29.3578
X1848A,岳阳,湖南,113.1493,29.4251
X1849A,岳阳,湖南,113.1772,29.3678
X1850A,岳阳,湖南,113.2621,29.4758
X1851A,岳阳,湖南,112.9943,29.4402
X1852A,岳阳,湖南,113.2117,29.355
X1853A,常德,湖南,111.7044,29.0244
X1854A,常德,湖南,111.6975,28.9703
X1855A,常德,湖南,111.6753,29.0239
X1856A,常德,湖南,111.6794,29.0381
X1857A,常德,湖南,111.7158,29.1456
X1858A,张家界,湖南,110.48,29.1389
X1859A,张家界,湖南,110.4697,29.1242
X1860A,张家界,湖南,110.5594,29.3547
X1861A,张家界,湖南,110.4417,29.315
X1862A,桂林,广西,110.4144,25.3167
X1863A,桂林,广西,110.2819,25.2697
X1864A,桂林,广西,110.3089,25.2708
X1865A,桂林,广西,110.2869,25.2178
X1866A,北海,广西,109.2256,21.5958
X1867A,北海,广西,109.1436,21.4086
X1868A,北海,广西,109.0981,21.4661
X1869A,北海,广西,109.1778,21.5233
X1870A,柳州,广西,109.4883,24.3898
X1871A,柳州,广西,109.4108,24.3304
X1872A,柳州,广西,109.3886,24.3406
X1873A,柳州,广西,109.4221,24.299
X1874A,柳州,广西,109.3957,24.3663
X1875A,柳州,广西,109.4839,24.3158
X1876A,三亚,海南,109.5078,18.2489
X1877A,三亚,海南,109.4964,18.2681
X1878A,绵阳,四川,104.7778,31.4747
X1879A,绵阳,四川,104.7536,31.4539
X1880A,绵阳,四川,104.6717,31.4656
X1881A,绵阳,四川,104.7283,31.5072
X1882A,宜宾,四川,104.5969,28.8194
X1883A,宜宾,四川,104.6225,28.76611
X1884A,宜宾,四川,104.6061,28.7867
X1885A,宜宾,四川,104.6417,28.76389
X1886A,宜宾,四川,104.5761,28.71583
X1887A,宜宾,四川,104.6789,28.7989
X1888A,攀枝花,四川,101.68912,26.57098
X1889A,攀枝花,四川,101.5769,26.5928
X1890A,攀枝花,四川,101.7169,26.585
X1891A,攀枝花,四川,101.7453,26.5017
X1893A,泸州,四川,105.4306,28.9583
X1894A,泸州,四川,105.4436,28.9026
X1895A,泸州,四川,105.4322,28.8558
X1896A,泸州,四川,105.4322,28.8833
X1897A,自贡,四川,104.7547,29.3628
X1898A,自贡,四川,104.7214,29.3586
X1899A,自贡,四川,104.7747,29.3564
X1900A,自贡,四川,104.7692,29.3411
X1901A,德阳,四川,104.4219,31.1208
X1902A,德阳,四川,104.3883,31.1333
X1903A,德阳,四川,104.4053,31.1167
X1904A,德阳,四川,104.3539,31.1108
X1905A,南充,四川,106.056,30.8064
X1906A,南充,四川,106.0789,30.8023
X1907A,南充,四川,106.1031,30.8217
X1908A,南充,四川,106.1064,30.7856
X1909A,南充,四川,106.0642,30.7636
X1910A,南充,四川,106.1087,30.8388
X1911A,遵义,贵州,106.9222,27.6869
X1912A,遵义,贵州,106.9242,27.7019
X1913A,遵义,贵州,106.8906,27.6486
X1914A,遵义,贵州,106.9231,27.6506
X1915A,遵义,贵州,106.9178,27.72
X1916A,曲靖,云南,103.7897,25.5035
X1917A,曲靖,云南,103.8,25.5364
X1918A,咸阳,陕西,108.7197,34.3956
X1919A,咸阳,陕西,108.6761,34.3181
X1920A,咸阳,陕西,108.7233,34.3617
X1921A,咸阳,陕西,108.7369,34.3164
X1922A,铜川,陕西,109.0656,35.0994
X1923A,铜川,陕西,109.0697,35.0697
X1924A,铜川,陕西,108.9344,34.9058
X1925A,铜川,陕西,108.9589,34.8731
X1926A,延安,陕西,109.4131,36.6275
X1927A,延安,陕西,109.4761,36.6028
X1928A,延安,陕西,109.4824,36.5767
X1929A,延安,陕西,109.5056,36.6106
X1930A,宝鸡,陕西,107.1586,34.3708
X1931A,宝鸡,陕西,107.0708,34.3017
X1932A,宝鸡,陕西,107.1906,34.3672
X1933A,宝鸡,陕西,107.1431,34.3547
X1934A,宝鸡,陕西,107.1186,34.3739
X1935A,宝鸡,陕西,107.3906,34.3528
X1936A,宝鸡,陕西,107.2058,34.3497
X1937A,宝鸡,陕西,107.2386,34.3622
X1938A,渭南,陕西,109.5293,34.5101
X1939A,渭南,陕西,109.5049,34.5004
X1940A,渭南,陕西,109.4636,34.493
X1941A,渭南,陕西,109.4266,34.5021
X1942A,金昌,甘肃,102.1878,38.5247
X1943A,金昌,甘肃,102.1725,38.5339
X1944A,金昌,甘肃,102.1708,38.5061
X1945A,嘉峪关,甘肃,98.2908,39.7711
X1946A,嘉峪关,甘肃,,
X1947A,石嘴山,宁夏,106.3394,38.817
X1948A,石嘴山,宁夏,106.3717,39.0153
X1949A,石嘴山,宁夏,106.7704,39.2282
X1950A,石嘴山,宁夏,106.7096,39.1292
X1951A,克拉玛依,新疆,84.8861,45.6033
X1952A,克拉玛依,新疆,84.8897,45.5828
X1953A,克拉玛依,新疆,85.1186,45.6886
X1954A,克拉玛依,新疆,84.8983,44.3336
X1955A,克拉玛依,新疆,85.6931,46.0872
X1956A,库尔勒,新疆,86.1461,41.7511
X1957A,库尔勒,新疆,86.2022,41.7192
X1958A,库尔勒,新疆,86.2381,41.7128
X1959A,寿光,山东,118.746,36.881
X1960A,寿光,山东,118.78,36.864
X1961A,章丘,山东,117.541,36.71
X1962A,章丘,山东,117.541,36.71
X1963A,即墨,山东,120.61,36.44
X1964A,即墨,山东,120.47,36.39
X1965A,胶南,山东,120.005,35.878
X1966A,胶南,山东,120.039,35.872
X1967A,胶州,山东,120.008,36.283
X1968A,胶州,山东,120.014,36.253
X1969A,莱西,山东,120.537,36.865
X1970A,莱西,山东,120.515,36.885
X1971A,平度,山东,119.952,36.792
X1972A,平度,山东,119.976,36.799
X1973A,蓬莱,山东,120.747,37.825
X1974A,蓬莱,山东,120.773,37.809
X1975A,招远,山东,120.399,37.374
X1976A,招远,山东,120.394,37.364
X1977A,莱州,山东,119.941,37.177
X1978A,莱州,山东,119.959,37.18
X1979A,荣成,山东,122.471,37.154
X1980A,荣成,山东,122.41,37.161
X1981A,文登,山东,122.038,37.197
X1982A,文登,山东,122.019,37.187
X1983A,乳山,山东,121.531,36.913
X1984A,乳山,山东,121.544,36.907
X1985A,吴江,江苏,120.636,31.155
X1986A,吴江,江苏,120.635,31.17
X1987A,吴江,江苏,120.658,31.172
X1988A,昆山,江苏,120.953,31.388
X1989A,昆山,江苏,120.999,31.381
X1990A,常熟,江苏,120.758,31.67
X1991A,常熟,江苏,120.721,31.671
X1992A,常熟,江苏,120.734,31.656
X1993A,张家港,江苏,120.526,31.874
X1994A,张家港,江苏,120.55,31.882
X1995A,太仓,江苏,121.115,31.453
X1996A,太仓,江苏,121.14,31.422
X1997A,句容,江苏,119.146,31.955
X1998A,句容,江苏,119.18,31.955
X1999A,江阴,江苏,120.268,31.92
X2000A,江阴,江苏,120.237,31.909
X2001A,江阴,江苏,120.302,31.92
X2002A,宜兴,江苏,119.818,31.354
X2003A,宜兴,江苏,119.794,31.371
X2004A,金坛,江苏,119.579,31.751
X2005A,金坛,江苏,119.579,31.737
X2006A,溧阳,江苏,119.46,31.4
X2007A,溧阳,江苏,119.438,31.317
X2008A,海门,江苏,121.173,31.896
X2009A,海门,江苏,121.1518,31.89708
X2010A,临安,浙江,119.7183,30.2366
X2011A,临安,浙江,119.6942,30.2311
X2012A,富阳,浙江,119.954,30.054
X2013A,富阳,浙江,119.946,30.049
X2014A,义乌,浙江,120.091,29.305
X2015A,义乌,浙江,120.04,29.334
X2016A,诸暨,浙江,120.251,29.719
X2017A,诸暨,浙江,120.209,29.732
X2018A,瓦房店,辽宁,121.989,39.625
X2019A,瓦房店,辽宁,122.011,39.617
X2031A,株洲,湖南,113.1817,27.9958
X2054A,信阳,河南,114.1044,32.1078
X2064A,信阳,河南,114.0122,32.1403
X2065A,信阳,河南,114.0681,32.1342
X2066A,信阳,河南,114.0614,32.1383
X2067A,周口,河南,114.6613,33.6128
X2068A,周口,河南,114.6758,33.6347
X2069A,周口,河南,114.6546,33.5979
X2070A,周口,河南,114.6369,33.6406
X2073A,漳州,福建,117.7206,24.5086
X2074A,漳州,福建,117.6569,24.5157
X2075A,漳州,福建,117.6336,24.4674
X2160A,晋城,山西,112.85,35.5051
X2161A,晋城,山西,112.835,35.4934
X2162A,晋城,山西,112.8564,35.4883
X2163A,晋城,山西,112.8664,35.4894
X2164A,晋城,山西,112.8252,35.4813
X2165A,晋城,山西,112.8453,35.546
X2166A,朔州,山西,112.44,39.3514
X2167A,朔州,山西,112.4549,39.3606
X2168A,朔州,山西,112.4254,39.3179
X2169A,朔州,山西,112.4078,39.3265
X2170A,朔州,山西,112.4279,39.3673
X2171A,晋中,山西,112.7549,37.7019
X2172A,晋中,山西,,
X2173A,晋中,山西,112.7306,37.7111
X2174A,晋中,山西,112.7105,37.7087
X2175A,运城,山西,110.9956,35.0147
X2176A,运城,山西,111.0233,35.0611
X2177A,运城,山西,,
X2178A,运城,山西,110.9678,35.0308
X2179A,运城,山西,111.0414,35.1147
X2180A,忻州,山西,112.7356,38.4186
X2181A,忻州,山西,112.7383,38.4519
X2182A,忻州,山西,112.7003,38.4928
X2183A,吕梁,山西,111.1406,37.5211
X2184A,吕梁,山西,,
X2185A,吕梁,山西,111.1297,37.5136
X2186A,乌海,内蒙古,106.8219,39.6719
X2187A,乌海,内蒙古,106.8089,39.6969
X2188A,乌海,内蒙古,106.7931,39.6572
X2189A,通辽,内蒙古,122.2603,43.6267
X2190A,通辽,内蒙古,122.3039,43.6156
X2191A,通辽,内蒙古,122.2532,43.6801
X2192A,呼伦贝尔,内蒙古,119.7594,49.2261
X2193A,呼伦贝尔,内蒙古,119.7283,49.2014
X2194A,巴彦淖尔,内蒙古,107.5936,40.916
X2195A,巴彦淖尔,内蒙古,107.4211,40.7608
X2196A,巴彦淖尔,内蒙古,107.3715,40.7378
X2197A,乌兰察布,内蒙古,113.1306,40.9923
X2198A,乌兰察布,内蒙古,113.0974,41.038
X2199A,兴安盟,内蒙古,122.062,46.0872
X2200A,兴安盟,内蒙古,122.0506,46.0703
X2201A,兴安盟,内蒙古,121.9462,46.0756
X2202A,锡林郭勒盟,内蒙古,116.1042,43.9317
X2203A,锡林郭勒盟,内蒙古,116.0781,43.9311
X2204A,阿拉善盟,内蒙古,105.6775,38.8343
X2205A,阿拉善盟,内蒙古,105.6975,38.843
X2206A,阿拉善盟,内蒙古,105.724,38.8516
X2207A,阜新,辽宁,121.6178,41.9967
X2208A,阜新,辽宁,121.6561,42.0186
X2209A,阜新,辽宁,121.6972,42.0503
X2210A,阜新,辽宁,121.6722,42.0228
X2211A,阜新,辽宁,121.6592,42.0486
X2212A,辽阳,辽宁,123.2,41.1953
X2213A,辽阳,辽宁,123.15,41.2553
X2214A,辽阳,辽宁,123.1761,41.2736
X2215A,辽阳,辽宁,123.1417,41.2894
X2216A,铁岭,辽宁,123.8139,42.3022
X2217A,铁岭,辽宁,123.8831,42.2953
X2218A,铁岭,辽宁,123.8489,42.2864
X2219A,铁岭,辽宁,123.7153,42.2217
X2220A,朝阳,辽宁,120.4439,41.5931
X2221A,朝阳,辽宁,120.4486,41.5672
X2222A,朝阳,辽宁,120.4247,41.5647
X2223A,朝阳,辽宁,120.3939,41.615
X2224A,四平,吉林,124.3419,43.1747
X2225A,四平,吉林,124.3711,43.1594
X2226A,四平,吉林,124.3897,43.1847
X2227A,辽源,吉林,125.1358,42.8947
X2228A,辽源,吉林,125.1567,42.8953
X2229A,通化,吉林,125.9361,41.7156
X2230A,通化,吉林,125.9486,41.7381
X2231A,白山,吉林,126.4047,41.9206
X2232A,白山,吉林,126.4078,41.9419
X2233A,松原,吉林,124.8292,45.0878
X2234A,松原,吉林,124.8528,45.1642
X2235A,白城,吉林,122.8444,45.6289
X2236A,白城,吉林,122.8211,45.6175
X2237A,延边州,吉林,129.4892,42.8939
X2238A,延边州,吉林,129.5042,42.9061
X2239A,延边州,吉林,129.3675,42.8775
X2240A,鸡西,黑龙江,130.962,45.2924
X2241A,鸡西,黑龙江,130.9817,45.305
X2242A,鸡西,黑龙江,131.0103,45.2948
X2243A,鸡西,黑龙江,130.9298,45.2978
X2244A,鹤岗,黑龙江,130.2659,47.3349
X2245A,鹤岗,黑龙江,130.261,47.2753
X2246A,鹤岗,黑龙江,130.3172,47.3489
X2247A,鹤岗,黑龙江,130.1097,47.3382
X2248A,双鸭山,黑龙江,131.1638,46.6572
X2249A,双鸭山,黑龙江,131.1651,46.619
X2250A,双鸭山,黑龙江,131.1516,46.6462
X2251A,双鸭山,黑龙江,131.1572,46.5888
X2252A,伊春,黑龙江,128.8736,47.7222
X2253A,伊春,黑龙江,128.9094,47.7317
X2254A,伊春,黑龙江,129.4942,48.4658
X2255A,佳木斯,黑龙江,130.2719,46.8025
X2256A,佳木斯,黑龙江,130.3961,46.8267
X2257A,佳木斯,黑龙江,130.3258,46.7975
X2258A,佳木斯,黑龙江,130.3648,46.8032
X2259A,佳木斯,黑龙江,130.3794,46.7588
X2260A,七台河,黑龙江,131.0032,45.7677
X2261A,七台河,黑龙江,130.8625,45.8194
X2262A,七台河,黑龙江,130.9467,45.8309
X2263A,黑河,黑龙江,127.4961,50.2486
X2264A,黑河,黑龙江,127.5044,50.2391
X2265A,黑河,黑龙江,127.4143,50.2538
X2266A,绥化,黑龙江,126.9934,46.6384
X2267A,绥化,黑龙江,126.9636,46.6527
X2268A,大兴安岭地区,黑龙江,124.1186,50.4269
X2269A,大兴安岭地区,黑龙江,124.1303,50.4217
X2270A,蚌埠,安徽,117.3961,32.939
X2271A,蚌埠,安徽,117.3575,32.9444
X2272A,蚌埠,安徽,117.3086,32.935
X2273A,蚌埠,安徽,117.4186,32.8913
X2274A,蚌埠,安徽,117.3536,32.9673
X2275A,蚌埠,安徽,117.3065,32.8985
X2276A,淮南,安徽,117.0417,32.6611
X2277A,淮南,安徽,116.8028,32.7639
X2278A,淮南,安徽,117.0083,32.645
X2279A,淮南,安徽,116.8556,32.6028
X2280A,淮南,安徽,116.8306,32.6319
X2281A,淮南,安徽,116.7039,32.625
X2282A,淮北,安徽,116.8008,33.975
X2283A,淮北,安徽,116.8067,33.8997
X2284A,淮北,安徽,116.7844,33.9461
X2285A,铜陵,安徽,117.8178,30.9414
X2286A,铜陵,安徽,117.8078,30.9222
X2287A,铜陵,安徽,117.7806,30.9414
X2288A,铜陵,安徽,117.7442,30.8811
X2289A,铜陵,安徽,117.8561,30.9219
X2290A,铜陵,安徽,117.8472,30.9697
X2291A,安庆,安徽,117.0549,30.5103
X2292A,安庆,安徽,117.0331111,30.51197222
X2293A,安庆,安徽,117.0486,30.5489
X2294A,安庆,安徽,116.9894,30.6145
X2295A,黄山,安徽,118.3057,29.7128
X2296A,黄山,安徽,118.3236,29.7207
X2297A,黄山,安徽,118.1371,30.2756
X2298A,滁州,安徽,118.3094,32.3153
X2299A,滁州,安徽,118.3244,32.2786
X2300A,滁州,安徽,118.3158,32.3061
X2301A,阜阳,安徽,115.8275,32.8928
X2302A,阜阳,安徽,,
X2303A,阜阳,安徽,115.8556,32.8603
X2304A,宿州,安徽,116.9765,33.6481
X2305A,宿州,安徽,116.9677,33.6284
X2306A,宿州,安徽,116.989,33.63063889
X2307A,六安,安徽,116.508,31.7371
X2308A,六安,安徽,116.478,31.7618
X2309A,六安,安徽,116.5068,31.7797
X2310A,六安,安徽,116.5661,31.7712
X2311A,亳州,安徽,115.8067,33.8399
X2312A,亳州,安徽,115.7831,33.8561
X2313A,池州,安徽,117.4808,30.6414
X2314A,池州,安徽,117.4697,30.6617
X2315A,池州,安徽,117.4974,30.6539
X2316A,宣城,安徽,118.7581,30.9447
X2317A,宣城,安徽,118.7386,30.9742
X2318A,宣城,安徽,118.7175,30.9431
X2319A,莆田,福建,119.0156,25.442
X2320A,莆田,福建,119.0018,25.4552
X2321A,莆田,福建,119.1117,25.4556
X2322A,莆田,福建,119.1015,25.3214
X2323A,莆田,福建,118.981,25.4792
X2324A,三明,福建,117.6211,26.2625
X2325A,三明,福建,117.6353,26.2708
X2326A,三明,福建,117.6028,26.2378
X2327A,三明,福建,117.7275,26.3108
X2331A,南平,福建,118.0966,26.6761
X2332A,南平,福建,118.1694,26.6383
X2333A,南平,福建,118.1819,26.6514
X2334A,南平,福建,118.1756,26.6272
X2335A,龙岩,福建,117.0181,25.1174
X2336A,龙岩,福建,117.0216,25.1035
X2337A,龙岩,福建,117.0256,25.0661
X2338A,龙岩,福建,117.0151,25.0311
X2339A,宁德,福建,119.5001,26.6946
X2340A,宁德,福建,119.5202,26.6607
X2341A,宁德,福建,119.5392,26.6611
X2342A,景德镇,江西,117.3097,29.3864
X2343A,景德镇,江西,117.2111,29.2958
X2344A,景德镇,江西,117.1983,29.2786
X2345A,景德镇,江西,117.1558,29.2647
X2346A,景德镇,江西,117.2461,29.2956
X2347A,萍乡,江西,114.0944,27.4948
X2348A,萍乡,江西,113.8381,27.6428
X2349A,萍乡,江西,113.8447,27.6231
X2350A,萍乡,江西,113.8686,27.6442
X2351A,萍乡,江西,113.865,27.6178
X2352A,新余,江西,115.0586,27.7758
X2353A,新余,江西,114.9831,27.8344
X2354A,新余,江西,114.9289,27.8328
X2355A,新余,江西,114.9314,27.8036
X2356A,新余,江西,114.9119,27.8042
X2357A,鹰潭,江西,116.9622,28.095
X2358A,鹰潭,江西,117.0564,28.2642
X2359A,鹰潭,江西,117.0281,28.2403
X2360A,鹰潭,江西,117.0222,28.2264
X2361A,鹰潭,江西,116.9983,28.2169
X2362A,赣州,江西,114.9064,25.9118
X2363A,赣州,江西,114.9367,25.8664
X2364A,赣州,江西,114.9461,25.8481
X2365A,赣州,江西,114.9322,25.8333
X2366A,赣州,江西,114.8905,25.8471
X2367A,吉安,江西,114.9817,27.0658
X2368A,吉安,江西,114.9739,27.11
X2369A,吉安,江西,114.99,27.1311
X2370A,吉安,江西,115.0075,27.0983
X2371A,宜春,江西,114.3442,27.8036
X2372A,宜春,江西,114.3806,27.8014
X2373A,宜春,江西,114.3953,27.7842
X2374A,宜春,江西,114.3703,27.7914
X2375A,宜春,江西,114.4011,27.8072
X2376A,抚州,江西,116.2239,28.0797
X2377A,抚州,江西,116.3553,27.9883
X2378A,抚州,江西,116.3598,27.9639
X2379A,抚州,江西,116.3574,28.0005
X2380A,抚州,江西,116.385,27.9647
X2381A,上饶,江西,118.0058,28.4569
X2382A,上饶,江西,117.973,28.4459
X2383A,上饶,江西,117.9511,28.4622
X2384A,上饶,江西,117.9033,28.4303
X2385A,鹤壁,河南,114.17,35.9019
X2386A,鹤壁,河南,114.2956,35.7511
X2387A,鹤壁,河南,114.2878,35.7306
X2388A,新乡,河南,113.926,35.279
X2389A,新乡,河南,113.836,35.31
X2390A,新乡,河南,113.884,35.272
X2391A,新乡,河南,113.883,35.303
X2392A,濮阳,河南,115.031,35.763
X2393A,濮阳,河南,114.9906,35.767
X2394A,濮阳,河南,115.0628,35.7672
X2395A,濮阳,河南,115.0772,35.767
X2396A,许昌,河南,113.8331,34.0117
X2397A,许昌,河南,113.8208,34.0314
X2398A,许昌,河南,113.7906,33.9953
X2399A,漯河,河南,114.056,33.567
X2400A,漯河,河南,114.005,33.568
X2401A,漯河,河南,114.014,33.581
X2402A,漯河,河南,114.0322,33.5653
X2403A,南阳,河南,112.5192,32.9917
X2404A,南阳,河南,112.5224,33.0122
X2405A,南阳,河南,112.5003,32.9735
X2406A,南阳,河南,112.5573,33.027
X2407A,南阳,河南,112.55,32.9683
X2408A,商丘,河南,115.6697,34.4286
X2409A,商丘,河南,115.6558,34.429
X2410A,商丘,河南,115.6386,34.407
X2411A,商丘,河南,115.6578,34.402
X2420A,驻马店,河南,114.018,32.965
X2421A,驻马店,河南,114.0131,33.0069
X2422A,驻马店,河南,113.996,32.996
X2423A,黄石,湖北,115.0625,30.2352
X2424A,黄石,湖北,115.0767,30.2028
X2425A,黄石,湖北,114.9551,30.1765
X2426A,黄石,湖北,114.8949,30.2043
X2427A,黄石,湖北,115.0264,30.2099
X2428A,十堰,湖北,111.0419,32.395
X2429A,十堰,湖北,110.78,32.6494
X2430A,十堰,湖北,110.7258,32.6389
X2431A,十堰,湖北,110.8839,32.5714
X2432A,襄阳,湖北,112.155,32.0197
X2433A,襄阳,湖北,112.1392,32.0564
X2434A,襄阳,湖北,112.1825,32.1142
X2435A,襄阳,湖北,112.2106,32.0903
X2436A,鄂州,湖北,114.8878,30.3944
X2437A,鄂州,湖北,114.8989,30.3714
X2438A,鄂州,湖北,114.8131,30.4133
X2439A,荆门,湖北,112.2014,31.0483
X2440A,荆门,湖北,112.1969,30.9892
X2441A,荆门,湖北,112.2211,31.0386
X2442A,荆门,湖北,112.1931,31.0375
X2443A,孝感,湖北,113.9153,30.9285
X2444A,孝感,湖北,113.942,30.9075
X2445A,黄冈,湖北,114.8857,30.4522
X2446A,黄冈,湖北,114.9028,30.4742
X2447A,咸宁,湖北,114.3036,29.8181
X2448A,咸宁,湖北,114.3231,29.8211
X2449A,咸宁,湖北,114.2894,29.8539
X2450A,咸宁,湖北,114.3372,29.8686
X2451A,随州,湖北,113.3583,31.7275
X2452A,随州,湖北,113.3833,31.6908
X2453A,随州,湖北,113.3983,31.7308
X2454A,恩施州,湖北,109.5039,30.2989
X2455A,恩施州,湖北,109.4689,30.2819
X2456A,衡阳,湖南,112.5328,26.9089
X2457A,衡阳,湖南,112.6194,26.9258
X2458A,衡阳,湖南,112.6211,26.8956
X2459A,衡阳,湖南,112.6197,26.8733
X2460A,衡阳,湖南,112.6006,26.8919
X2461A,衡阳,湖南,112.5664,26.9056
X2462A,邵阳,湖南,111.5239,27.3033
X2463A,邵阳,湖南,111.4733,27.2317
X2464A,邵阳,湖南,111.4908,27.2582
X2465A,邵阳,湖南,111.4503,27.2537
X2466A,邵阳,湖南,111.4328,27.2272
X2467A,益阳,湖南,112.4067,28.6428
X2468A,益阳,湖南,112.3458,28.5808
X2469A,益阳,湖南,112.3439,28.56
X2470A,益阳,湖南,112.3347,28.6047
X2471A,益阳,湖南,112.3744,28.5819
X2472A,郴州,湖南,113.0073,25.9061
X2473A,郴州,湖南,113.0116,25.8226
X2474A,郴州,湖南,113.0119,25.8179
X2475A,郴州,湖南,113.0383,25.8071
X2476A,郴州,湖南,113.0348,25.7759
X2477A,永州,湖南,111.6217,26.2081
X2478A,永州,湖南,111.6156,26.4214
X2479A,永州,湖南,111.6236,26.2331
X2480A,永州,湖南,111.5992,26.4364
X2481A,永州,湖南,111.5989,26.4519
X2482A,怀化,湖南,109.9333,27.5733
X2483A,怀化,湖南,109.9453,27.5444
X2484A,怀化,湖南,109.9792,27.5342
X2485A,怀化,湖南,109.9972,27.5578
X2486A,怀化,湖南,110.0394,27.583
X2487A,娄底,湖南,111.9975,27.725
X2488A,娄底,湖南,111.9975,27.725
X2489A,娄底,湖南,112.0194,27.7314
X2490A,娄底,湖南,111.9561,27.7569
X2491A,娄底,湖南,111.9892,27.7044
X2492A,湘西州,湖南,109.6414,28.2558
X2493A,湘西州,湖南,109.7325,28.3169
X2494A,湘西州,湖南,109.6958,28.2675
X2495A,梧州,广西,111.2897,23.4792
X2496A,梧州,广西,111.3178,23.475
X2497A,梧州,广西,111.2353,23.415
X2498A,梧州,广西,111.26,23.4794
X2499A,防城港,广西,108.3411,21.6158
X2500A,防城港,广西,108.3511,21.7631
X2501A,防城港,广西,108.3506,21.6414
X2502A,钦州,广西,108.6236,21.9667
X2503A,钦州,广西,108.6553,21.9508
X2504A,钦州,广西,108.5989,21.7431
X2505A,贵港,广西,109.5681,23.1478
X2506A,贵港,广西,109.6042,23.0672
X2507A,贵港,广西,109.6014,23.0944
X2508A,贵港,广西,109.5683,23.1036
X2509A,玉林,广西,110.1106,22.7019
X2510A,玉林,广西,110.1675,22.6411
X2511A,玉林,广西,110.1433,22.6164
X2512A,百色,广西,106.6103,23.9011
X2513A,百色,广西,106.6527,23.8844
X2514A,贺州,广西,111.5269,24.4175
X2515A,贺州,广西,111.5622,24.4072
X2516A,河池,广西,108.2134,24.7121
X2517A,河池,广西,108.054,24.6928
X2518A,河池,广西,108.1009,24.6967
X2519A,来宾,广西,109.2131,23.7208
X2520A,来宾,广西,109.2317,23.7369
X2521A,崇左,广西,107.3476,22.4137
X2522A,崇左,广西,107.3701,22.3708
X2523A,广元,四川,105.8945,32.4535
X2524A,广元,四川,105.8242,32.4429
X2525A,广元,四川,105.8153,32.4246
X2526A,广元,四川,105.8624,32.4285
X2527A,遂宁,四川,105.7519,30.5797
X2528A,遂宁,四川,105.68,30.6133
X2529A,遂宁,四川,105.8161,30.6347
X2530A,遂宁,四川,105.5956,30.475
X2531A,内江,四川,105.0331,29.5953
X2532A,内江,四川,105.0717,29.5947
X2533A,内江,四川,105.0653,29.5817
X2534A,内江,四川,105.0406,29.5822
X2535A,乐山,四川,103.7705,29.5467
X2536A,乐山,四川,103.7627,29.5844
X2537A,乐山,四川,103.7506,29.6007
X2538A,乐山,四川,103.757,29.5634
X2539A,眉山,四川,103.8986,30.0506
X2540A,眉山,四川,103.8416,30.0874
X2541A,眉山,四川,103.8495,30.0691
X2542A,眉山,四川,103.8341,30.062
X2543A,广安,四川,106.631,30.518
X2544A,广安,四川,106.6303,30.4576
X2545A,广安,四川,106.6271,30.4663
X2546A,广安,四川,106.6406,30.4844
X2547A,广安,四川,106.6388,30.4551
X2548A,达州,四川,107.5272,31.2797
X2549A,达州,四川,107.525,31.215
X2550A,达州,四川,107.4967,31.2108
X2551A,达州,四川,107.5069,31.1956
X2552A,达州,四川,107.4611,31.2058
X2553A,雅安,四川,103.009,30.0125
X2554A,雅安,四川,103.0013,29.9899
X2555A,雅安,四川,103.0109,29.9834
X2556A,雅安,四川,103.0001,29.9816
X2557A,巴中,四川,106.7583,31.8475
X2558A,巴中,四川,106.7389,31.8711
X2559A,巴中,四川,106.7594,31.8531
X2560A,巴中,四川,106.7608,31.8456
X2561A,资阳,四川,104.6617,30.1366
X2562A,资阳,四川,104.6356,30.1506
X2563A,资阳,四川,104.6289,30.1377
X2564A,资阳,四川,104.6469,30.1142
X2565A,资阳,四川,104.6294,30.1259
X2566A,阿坝州,四川,102.1755,31.9286
X2567A,阿坝州,四川,102.2218,31.9025
X2568A,阿坝州,四川,102.2402,31.8934
X2569A,甘孜州,四川,101.9628,30.0506
X2570A,甘孜州,四川,101.9603,30.0475
X2571A,凉山州,四川,102.3419,27.8094
X2572A,凉山州,四川,102.2714,27.8408
X2573A,凉山州,四川,102.2625,27.8978
X2574A,凉山州,四川,102.2689,27.8847
X2575A,凉山州,四川,102.2311,27.8953
X2576A,六盘水,贵州,104.8,26.5892
X2577A,六盘水,贵州,104.83,26.5917
X2578A,六盘水,贵州,104.89,26.5939
X2579A,六盘水,贵州,104.8475,26.5894
X2580A,六盘水,贵州,104.9544,26.5506
X2581A,安顺,贵州,105.9556,26.2611
X2582A,安顺,贵州,105.9278,26.255
X2583A,安顺,贵州,105.9394,26.2358
X2584A,安顺,贵州,105.8853,26.2392
X2585A,铜仁地区,贵州,109.1916,27.7297
X2586A,铜仁地区,贵州,109.1794,27.7231
X2587A,毕节,贵州,105.2864,27.3125
X2588A,毕节,贵州,105.31,27.2944
X2589A,黔西南州,贵州,104.9022,25.0925
X2590A,黔西南州,贵州,104.8811,25.0992
X2591A,黔东南州,贵州,107.9783,26.5747
X2592A,黔东南州,贵州,,
X2593A,黔南州,贵州,107.5228,26.2403
X2594A,保山,云南,99.1678,25.1081
X2595A,保山,云南,99.1711,25.1328
X2596A,昭通,云南,103.7032,27.3392
X2597A,昭通,云南,103.7225,27.3361
X2598A,丽江,云南,100.2143,26.8576
X2599A,丽江,云南,100.2497,26.8802
X2600A,丽江,云南,100.2203,26.8906
X2601A,普洱,云南,100.98,22.7633
X2602A,普洱,云南,100.9817,22.8322
X2603A,临沧,云南,100.0869,23.8822
X2604A,临沧,云南,100.0782,23.8982
X2605A,楚雄州,云南,101.5482,25.0441
X2606A,楚雄州,云南,101.538,25.0492
X2607A,红河州,云南,103.3113,23.4626
X2608A,红河州,云南,103.3772,23.3993
X2609A,红河州,云南,103.386,23.4168
X2610A,文山州,云南,104.2533,23.3594
X2611A,文山州,云南,104.2319,23.3892
X2612A,西双版纳州,云南,100.7939,22.0019
X2613A,西双版纳州,云南,100.8017,22.0225
X2614A,大理州,云南,100.1542,25.7054
X2615A,大理州,云南,100.2171,25.5811
X2616A,德宏州,云南,98.5842,24.428
X2617A,德宏州,云南,98.578,24.441
X2618A,怒江州,云南,98.8601,25.8567
X2619A,怒江州,云南,98.8546,25.8417
X2620A,迪庆州,云南,99.7064,27.8136
X2621A,迪庆州,云南,99.7056,27.8317
X2622A,昌都地区,西藏,97.1804,31.1278
X2623A,昌都地区,西藏,97.1809,31.1254
X2624A,山南地区,西藏,91.7608,29.2313
X2625A,山南地区,西藏,91.7706,29.261
X2626A,日喀则地区,西藏,88.8876,29.2718
X2627A,日喀则地区,西藏,88.8931,29.2365
X2628A,那曲地区,西藏,92.0657,31.4846
X2629A,那曲地区,西藏,92.0505,31.4733
X2630A,阿里地区,西藏,80.1161,32.5
X2631A,阿里地区,西藏,80.0895,32.5039
X2632A,林芝地区,西藏,94.3681,29.6376
X2633A,林芝地区,西藏,94.3616,29.6632
X2634A,汉中,陕西,106.9893,33.1842
X2635A,汉中,陕西,107.0154,33.0706
X2636A,汉中,陕西,107.0089,33.1138
X2637A,汉中,陕西,107.007,33.0323
X2638A,榆林,陕西,109.7414,38.3344
X2639A,榆林,陕西,109.7456,38.2911
X2640A,榆林,陕西,109.7289,38.2839
X2641A,榆林,陕西,109.7336,38.2478
X2642A,安康,陕西,109.0311,32.6778
X2643A,安康,陕西,109.0281,32.6939
X2644A,安康,陕西,109.0072,32.6975
X2645A,商洛,陕西,109.9154,33.8715
X2646A,商洛,陕西,109.966,33.8509
X2647A,白银,甘肃,104.1731,36.5458
X2648A,白银,甘肃,104.1731,36.5481
X2649A,天水,甘肃,106.005,34.3469
X2650A,天水,甘肃,105.7281,34.5814
X2651A,天水,甘肃,105.8614,34.5653
X2652A,武威,甘肃,102.6219,37.9311
X2653A,武威,甘肃,102.6469,37.9358
X2654A,张掖,甘肃,100.4686,38.9467
X2655A,张掖,甘肃,100.4497,38.9389
X2656A,平凉,甘肃,106.6692,35.5461
X2657A,平凉,甘肃,106.7039,35.5294
X2658A,酒泉,甘肃,98.509,39.746
X2659A,酒泉,甘肃,98.5023,39.7294
X2660A,庆阳,甘肃,107.6831,35.7289
X2661A,庆阳,甘肃,107.6406,35.5236
X2662A,庆阳,甘肃,107.6364,35.7067
X2663A,定西,甘肃,104.6228,35.5714
X2664A,定西,甘肃,104.6169,35.5975
X2665A,陇南,甘肃,105.0822,33.3261
X2666A,陇南,甘肃,,
X2667A,临夏州,甘肃,103.2139,35.6039
X2668A,临夏州,甘肃,103.2064,35.5997
X2669A,甘南州,甘肃,102.905,35.0003
X2670A,海东地区,青海,102.1086,36.4997
X2671A,海北州,青海,100.9048,36.9639
X2672A,黄南州,青海,102.0199,35.5102
X2673A,海南州,青海,100.6188,36.2866
X2674A,果洛州,青海,100.2561,34.4714
X2675A,玉树州,青海,97,33.0014
X2676A,海西州,青海,97.3731,37.3753
X2677A,吴忠,宁夏,106.1532,37.9648
X2678A,吴忠,宁夏,106.2025,37.9844
X2679A,吴忠,宁夏,106.196,37.9723
X2680A,中卫,宁夏,105.0197,37.4514
X2681A,中卫,宁夏,105.18,37.0172
X2682A,中卫,宁夏,105.1971,37.5002
X2683A,固原,宁夏,106.2319,36.1417
X2684A,固原,宁夏,106.2792,36.0022
X2685A,固原,宁夏,106.2375,36.0211
X2686A,吐鲁番地区,新疆,89.191,42.9409
X2687A,吐鲁番地区,新疆,89.1673,42.9559
X2688A,哈密地区,新疆,93.5128,42.8172
X2689A,哈密地区,新疆,93.4961,42.8328
X2690A,昌吉州,新疆,87.9897,44.1564
X2691A,昌吉州,新疆,87.2997,44.0114
X2692A,昌吉州,新疆,87.2717,44.0297
X2693A,博州,新疆,82.0485,44.9079
X2694A,博州,新疆,82.0806,44.8969
X2695A,阿克苏地区,新疆,80.2828,41.1636
X2696A,阿克苏地区,新疆,80.2956,41.1933
X2697A,克州,新疆,76.1861,39.7153
X2698A,喀什地区,新疆,75.9828,39.5371
X2699A,喀什地区,新疆,75.9771,39.4699
X2700A,喀什地区,新疆,75.9435,39.4365
X2701A,和田地区,新疆,79.9485,37.1152
X2702A,和田地区,新疆,79.9117,37.1013
X2703A,伊犁哈萨克州,新疆,81.2815,43.9404
X2704A,伊犁哈萨克州,新疆,81.2867,43.895
X2705A,伊犁哈萨克州,新疆,81.3364,43.941
X2706A,塔城地区,新疆,82.9994,46.7432
X2707A,阿勒泰地区,新疆,88.1214,47.9047
X2708A,阿勒泰地区,新疆,88.1267,47.8515
X2709A,石河子,新疆,86.0497,44.2967
X2710A,石河子,新疆,86.0697,44.3075
X2711A,五家渠,新疆,87.5475,44.1756
X2835A,攀枝花,四川,101.7227,26.567
X2842A,厦门,福建,118.0936,24.5058
X2845A,长治,山西,113.1569,36.1912
X2846A,广州,广东,113.3208,23.1323
X2858A,天津,天津,117.7918,39.2474
X2859A,天津,天津,117.3747,38.9846
X2860A,天津,天津,117.1589,39.0845
X2862A,石家庄,河北,114.5480556,38.03777778
X2865A,晋中,山西,112.7194444,37.68277778
X2866A,运城,山西,111.0522222,35.04388889
X2867A,吕梁,山西,111.1283333,37.51
X2868A,吉林,吉林,126.4738889,43.95305556
X2869A,扬州,江苏,119.458,32.41361
X2870A,镇江,江苏,119.4369444,32.18888889
X2871A,宁波,浙江,121.6147222,29.90166667
X2872A,嘉兴,浙江,120.7844444,30.7525
X2873A,湖州,浙江,120.0875,30.89556
X2874A,淮南,安徽,117.0411667,32.64600333
X2875A,阜阳,安徽,115.7838889,32.88922222
X2876A,潍坊,山东,119.0841,36.7339
X2877A,潍坊,山东,119.1638,36.6525
X2878A,聊城,山东,116.0072,36.4343
X2880A,成都,四川,104.0238889,30.65638889
X2881A,黔东南州,贵州,107.8908333,26.53111111
X2882A,玉溪,云南,102.5389,24.3702
X2883A,玉溪,云南,102.5381,24.339
X2884A,嘉峪关,甘肃,98.26722222,39.79777778
X2885A,陇南,甘肃,104.9338889,33.38256667
X2897A,沈阳,辽宁,123.2444,41.7347
X2900A,沈阳,辽宁,123.5953,41.9086
X2902A,广安,四川,106.6351,30.4865
X2907A,湖州,浙江,120.1844,30.8596
X2914A,巴中,四川,106.7513889,31.87888889
X2915A,巴中,四川,106.7619444,31.85805556
X2916A,池州,安徽,117.49,30.66
X2919A,廊坊,河北,116.7022,39.5453
X2920A,漳州,福建,117.7116,24.506
X2921A,绍兴,浙江,120.7789,30.0033
X2922A,天津,天津,117.1941,39.1067
X2923A,大同,山西,113.2803,40.1114
X2924A,银川,宁夏,106.2275,38.44139
X2925A,银川,宁夏,106.2739,38.4841
X2926A,银川,宁夏,106.1024,38.49494
X2929A,黄冈,湖北,114.8858,30.4519
X2994A,金华,浙江,119.6533,29.1128
X2996A,宿迁,江苏,118.283,33.965
X2997A,泰州,江苏,119.8767,32.3292
X3000A,连云港,江苏,119.3581,34.6972
X3002A,常州,江苏,119.9736,31.8108
X3003A,常州,江苏,120.0469,31.7694
X3004A,盐城,江苏,120.1631,33.3681
X3005A,徐州,江苏,117.1814,34.29
X3006A,徐州,江苏,117.1694,34.1781
X3008A,连云港,江苏,119.3608,34.7519
X3009A,连云港,江苏,119.1478,34.5911
X3010A,常州,江苏,119.8914,31.7897
X3012A,荆门,湖北,112.1908,31.03389
X3014A,重庆,重庆,106.4959,29.53675
X3015A,重庆,重庆,106.4042,29.57278
X3016A,重庆,重庆,106.5506,29.41569
X3018A,临汾,山西,111.505,36.10139
X3019A,三沙,海南,,
X3020A,天津,天津,117.2099,39.16969
X3021A,濮阳,河南,115.0061,35.76806
X3022A,洛阳,河南,112.4433,34.6686
X3025A,清远,广东,113.0472,23.63444
X3026A,潮州,广东,116.6183,23.65889
X3027A,自贡,四川,104.7228,29.33972
X3028A,自贡,四川,104.7778,29.36028
X3033A,乌鲁木齐,新疆,87.4651,43.4569
X3034A,乌兰察布,内蒙古,113.1076,41.0385
X3035A,兴安盟,内蒙古,122.0931,46.0707
X3036A,东营,山东,118.696,37.43445
X3038A,红河州,云南,103.3758,23.3682
X3039A,三门峡,河南,111.19,34.7822
X3045A,商洛,陕西,109.9643,33.8471
X3046A,南昌,江西,115.9083,28.6064
X3048A,福州,福建,119.58,26.0931
X3051A,天津,天津,117.3916,39.1495
X3054A,新乡,河南,113.5922,35.28385
X3055A,西宁,青海,101.7775,36.6428
X3057A,烟台,山东,121.5992,37.4014
X3058A,赤峰,内蒙古,119.2654,42.0352
X3059A,莱芜,山东,117.7181,36.2092
X3061A,呼伦贝尔,内蒙古,119.7512,49.1577
X3064A,莱芜,山东,117.6983,36.2211
X3065A,甘孜藏族自治州,西藏,101.9533,29.9972
X3066A,德州,山东,116.2714,37.4372
X3122A,安顺,贵州,105.9606,26.2611
X3123A,安顺,贵州,105.9408,26.2431
X3124A,安顺,贵州,105.9439,26.2564
X3125A,安顺,贵州,105.8983,26.2481
X3128A,那曲地区,西藏,92.0506,31.4797
X3129A,海东地区,青海,102.0306,36.5067
X3131A,张家口,河北,114.8792,40.7903
X3132A,秦皇岛,河北,119.5967,37.0308
X3133A,重庆,重庆,106.5469,29.565
X3134A,许昌,河南,113.8172,34.0339
X3136A,成都,四川,104.2725,30.5589
X3137A,眉山,四川,103.8578,30.0744
X3138A,常德,湖南,111.7153,29.0289
X3139A,常德,湖南,111.6892,28.9881
X3140A,常德,湖南,111.6625,29.0531
X3141A,安阳,河南,114.3922,36.0878
X3147A,开封,河南,114.3442,34.8097
X3148A,眉山,四川,103.8286,30.0561
X3149A,黄石,湖北,115.0158,30.1594
X3153A,武汉,湖北,114.3877,30.4908
X3164A,扬州,江苏,119.4686,32.3942
X3165A,咸阳,陕西,108.6594,34.2969
X3169A,焦作,河南,113.2725,35.2067
